id,user,full_name,problem,size,date,score,status,language,compiler,source_file,num_tests,num_subtasks,url
3360047,Cristian_Negoita,Cristian Negoita,fmcm,2.89 kb,8 iul 26 13:35:29,100,Evaluare completa: 100 puncte,cpp,,3360047.cpp,10,7,https://www.infoarena.ro/job_detail/3360047
3360046,Cristian_Negoita,Cristian Negoita,fmcm,2.84 kb,8 iul 26 13:34:59,70,Evaluare completa: 70 puncte,cpp,,3360046.cpp,10,7,https://www.infoarena.ro/job_detail/3360046
3360045,Cristian_Negoita,Cristian Negoita,fmcm,2.73 kb,8 iul 26 13:26:29,10,Evaluare completa: 10 puncte,cpp,,3360045.cpp,10,7,https://www.infoarena.ro/job_detail/3360045
3360044,Cristian_Negoita,Cristian Negoita,fmcm,2.66 kb,8 iul 26 13:24:32,10,Evaluare completa: 10 puncte,cpp,,3360044.cpp,10,7,https://www.infoarena.ro/job_detail/3360044
3358019,TestLicenta123,Test Test,fmcm,3.19 kb,13 iun 26 23:02:12,100,Evaluare completa: 100 puncte,cpp,,3358019.cpp,10,7,https://www.infoarena.ro/job_detail/3358019
3357998,TestLicenta123,Test Test,fmcm,2.13 kb,13 iun 26 22:46:30,0,Evaluare completa: 0 puncte,cpp,,3357998.cpp,10,7,https://www.infoarena.ro/job_detail/3357998
3357977,TestLicenta123,Test Test,fmcm,3.11 kb,13 iun 26 22:30:43,100,Evaluare completa: 100 puncte,cpp,,3357977.cpp,10,7,https://www.infoarena.ro/job_detail/3357977
3357878,TestLicenta123,Test Test,fmcm,1.89 kb,13 iun 26 19:20:42,0,Evaluare completa: 0 puncte,cpp,,3357878.cpp,10,7,https://www.infoarena.ro/job_detail/3357878
3357775,TestLicenta123,Test Test,fmcm,1.66 kb,13 iun 26 14:41:37,70,Evaluare completa: 70 puncte,cpp,,3357775.cpp,10,7,https://www.infoarena.ro/job_detail/3357775
3357773,TestLicenta123,Test Test,fmcm,1.93 kb,13 iun 26 14:40:14,70,Evaluare completa: 70 puncte,cpp,,3357773.cpp,10,7,https://www.infoarena.ro/job_detail/3357773
3357772,TestLicenta123,Test Test,fmcm,1.60 kb,13 iun 26 14:38:52,0,Evaluare completa: 0 puncte,cpp,,3357772.cpp,10,7,https://www.infoarena.ro/job_detail/3357772
3356419,alexdumitru,Alexandru Dumitru,fmcm,3.16 kb,31 mai 26 18:56:30,0,Evaluare completa: 0 puncte,python,,3356419.py,10,7,https://www.infoarena.ro/job_detail/3356419
3353395,matei0000,Neacsu Matei,fmcm,2.41 kb,6 mai 26 20:30:05,100,Evaluare completa: 100 puncte,cpp,,3353395.cpp,10,7,https://www.infoarena.ro/job_detail/3353395
3352561,DobraVictor,Dobra Victor Ioan,fmcm,5.38 kb,28 apr 26 19:30:52,70,Evaluare completa: 70 puncte,cpp,,3352561.cpp,10,7,https://www.infoarena.ro/job_detail/3352561
3352533,DobraVictor,Dobra Victor Ioan,fmcm,5.36 kb,28 apr 26 15:36:56,70,Evaluare completa: 70 puncte,cpp,,3352533.cpp,10,7,https://www.infoarena.ro/job_detail/3352533
3352532,DobraVictor,Dobra Victor Ioan,fmcm,5.34 kb,28 apr 26 14:43:33,70,Evaluare completa: 70 puncte,cpp,,3352532.cpp,10,7,https://www.infoarena.ro/job_detail/3352532
3352531,DobraVictor,Dobra Victor Ioan,fmcm,5.34 kb,28 apr 26 14:42:48,70,Evaluare completa: 70 puncte,cpp,,3352531.cpp,10,7,https://www.infoarena.ro/job_detail/3352531
3352530,DobraVictor,Dobra Victor Ioan,fmcm,3.85 kb,28 apr 26 14:30:34,50,Evaluare completa: 50 puncte,cpp,,3352530.cpp,10,7,https://www.infoarena.ro/job_detail/3352530
3351264,toma_ariciu,Ariciu Toma,fmcm,3.65 kb,18 apr 26 11:14:26,100,Evaluare completa: 100 puncte,cpp,,3351264.cpp,10,7,https://www.infoarena.ro/job_detail/3351264
3351139,BOSSSTEFAN,Petrescu Ioan Stefan,fmcm,2.25 kb,17 apr 26 01:43:05,100,Evaluare completa: 100 puncte,cpp,,3351139.cpp,10,7,https://www.infoarena.ro/job_detail/3351139
3351138,BOSSSTEFAN,Petrescu Ioan Stefan,fmcm,2.25 kb,17 apr 26 01:41:00,40,Evaluare completa: 40 puncte,cpp,,3351138.cpp,10,7,https://www.infoarena.ro/job_detail/3351138
3351137,BOSSSTEFAN,Petrescu Ioan Stefan,fmcm,2.24 kb,17 apr 26 01:32:16,70,Evaluare completa: 70 puncte,cpp,,3351137.cpp,10,7,https://www.infoarena.ro/job_detail/3351137
3351136,BOSSSTEFAN,Petrescu Ioan Stefan,fmcm,2.20 kb,17 apr 26 01:30:47,50,Evaluare completa: 50 puncte,cpp,,3351136.cpp,10,7,https://www.infoarena.ro/job_detail/3351136
3351135,BOSSSTEFAN,Petrescu Ioan Stefan,fmcm,2.18 kb,16 apr 26 23:33:14,50,Evaluare completa: 50 puncte,cpp,,3351135.cpp,10,7,https://www.infoarena.ro/job_detail/3351135
3349463,alexdumitru,Alexandru Dumitru,fmcm,3.53 kb,29 mar 26 22:06:18,100,Evaluare completa: 100 puncte,cpp,,3349463.cpp,10,7,https://www.infoarena.ro/job_detail/3349463
3349462,alexdumitru,Alexandru Dumitru,fmcm,3.50 kb,29 mar 26 21:57:27,20,Evaluare completa: 20 puncte,cpp,,3349462.cpp,10,7,https://www.infoarena.ro/job_detail/3349462
3349140,Iustin_Mircea2010,Iustin Mircea,fmcm,3.26 kb,25 mar 26 17:37:25,100,Evaluare completa: 100 puncte,cpp,,3349140.cpp,10,7,https://www.infoarena.ro/job_detail/3349140
3349139,Iustin_Mircea2010,Iustin Mircea,fmcm,2.51 kb,25 mar 26 17:30:05,100,Evaluare completa: 100 puncte,cpp,,3349139.cpp,10,7,https://www.infoarena.ro/job_detail/3349139
3349136,Iustin_Mircea2010,Iustin Mircea,fmcm,2.33 kb,25 mar 26 17:27:16,70,Evaluare completa: 70 puncte,cpp,,3349136.cpp,10,7,https://www.infoarena.ro/job_detail/3349136
3349131,Iustin_Mircea2010,Iustin Mircea,fmcm,1.71 kb,25 mar 26 17:13:09,70,Evaluare completa: 70 puncte,cpp,,3349131.cpp,10,7,https://www.infoarena.ro/job_detail/3349131
3349130,Iustin_Mircea2010,Iustin Mircea,fmcm,1.71 kb,25 mar 26 17:12:48,0,Evaluare completa: 0 puncte,cpp,,3349130.cpp,10,7,https://www.infoarena.ro/job_detail/3349130
3349128,Iustin_Mircea2010,Iustin Mircea,fmcm,1.68 kb,25 mar 26 17:06:17,20,Evaluare completa: 20 puncte,cpp,,3349128.cpp,10,7,https://www.infoarena.ro/job_detail/3349128
3349127,Iustin_Mircea2010,Iustin Mircea,fmcm,1.66 kb,25 mar 26 17:05:35,20,Evaluare completa: 20 puncte,cpp,,3349127.cpp,10,7,https://www.infoarena.ro/job_detail/3349127
3348604,TeodorLuchianov,Teo Luchianov,fmcm,3.47 kb,22 mar 26 22:13:05,100,Evaluare completa: 100 puncte,cpp,,3348604.cpp,10,7,https://www.infoarena.ro/job_detail/3348604
3348603,TeodorLuchianov,Teo Luchianov,fmcm,3.47 kb,22 mar 26 22:11:49,0,Evaluare completa: 0 puncte,cpp,,3348603.cpp,10,7,https://www.infoarena.ro/job_detail/3348603
3345286,andrei0925,Andrei Perdevara,fmcm,1.59 kb,8 mar 26 21:23:30,70,Evaluare completa: 70 puncte,cpp,,3345286.cpp,10,7,https://www.infoarena.ro/job_detail/3345286
3345285,andrei0925,Andrei Perdevara,fmcm,1.55 kb,8 mar 26 21:19:39,70,Evaluare completa: 70 puncte,cpp,,3345285.cpp,10,7,https://www.infoarena.ro/job_detail/3345285
3345284,andrei0925,Andrei Perdevara,fmcm,1.55 kb,8 mar 26 21:15:04,0,Evaluare completa: 0 puncte,cpp,,3345284.cpp,10,7,https://www.infoarena.ro/job_detail/3345284
3345283,andrei0925,Andrei Perdevara,fmcm,1.61 kb,8 mar 26 21:14:01,0,Evaluare completa: 0 puncte,cpp,,3345283.cpp,10,7,https://www.infoarena.ro/job_detail/3345283
3345282,andrei0925,Andrei Perdevara,fmcm,1.64 kb,8 mar 26 21:09:28,70,Evaluare completa: 70 puncte,cpp,,3345282.cpp,10,7,https://www.infoarena.ro/job_detail/3345282
3345281,andrei0925,Andrei Perdevara,fmcm,1.62 kb,8 mar 26 21:06:47,70,Evaluare completa: 70 puncte,cpp,,3345281.cpp,10,7,https://www.infoarena.ro/job_detail/3345281
3345279,andrei0925,Andrei Perdevara,fmcm,1.62 kb,8 mar 26 21:00:14,70,Evaluare completa: 70 puncte,cpp,,3345279.cpp,10,7,https://www.infoarena.ro/job_detail/3345279
3345276,andrei0925,Andrei Perdevara,fmcm,1.64 kb,8 mar 26 20:53:34,70,Evaluare completa: 70 puncte,cpp,,3345276.cpp,10,7,https://www.infoarena.ro/job_detail/3345276
3345275,andrei0925,Andrei Perdevara,fmcm,1.66 kb,8 mar 26 20:52:19,0,Evaluare completa: 0 puncte,cpp,,3345275.cpp,10,7,https://www.infoarena.ro/job_detail/3345275
3345274,andrei0925,Andrei Perdevara,fmcm,1.63 kb,8 mar 26 20:49:36,70,Evaluare completa: 70 puncte,cpp,,3345274.cpp,10,7,https://www.infoarena.ro/job_detail/3345274
3345271,andrei0925,Andrei Perdevara,fmcm,1.58 kb,8 mar 26 20:26:15,70,Evaluare completa: 70 puncte,cpp,,3345271.cpp,10,7,https://www.infoarena.ro/job_detail/3345271
3345259,andrei.n,Nemtisor Andrei,fmcm,3.23 kb,8 mar 26 19:10:42,100,Evaluare completa: 100 puncte,cpp,,3345259.cpp,10,7,https://www.infoarena.ro/job_detail/3345259
3345027,andrei0925,Andrei Perdevara,fmcm,2.02 kb,7 mar 26 17:30:52,70,Evaluare completa: 70 puncte,cpp,,3345027.cpp,10,7,https://www.infoarena.ro/job_detail/3345027
3345026,andrei0925,Andrei Perdevara,fmcm,2.00 kb,7 mar 26 17:29:26,70,Evaluare completa: 70 puncte,cpp,,3345026.cpp,10,7,https://www.infoarena.ro/job_detail/3345026
3342360,ioanxh,Ioan Budeanu,fmcm,3.04 kb,23 feb 26 21:15:40,100,Evaluare completa: 100 puncte,cpp,,3342360.cpp,10,7,https://www.infoarena.ro/job_detail/3342360
3342359,ioanxh,Ioan Budeanu,fmcm,3.01 kb,23 feb 26 21:11:23,100,Evaluare completa: 100 puncte,cpp,,3342359.cpp,10,7,https://www.infoarena.ro/job_detail/3342359
3342358,ioanxh,Ioan Budeanu,fmcm,3.03 kb,23 feb 26 21:11:01,100,Evaluare completa: 100 puncte,cpp,,3342358.cpp,10,7,https://www.infoarena.ro/job_detail/3342358
3342357,ioanxh,Ioan Budeanu,fmcm,2.97 kb,23 feb 26 21:09:00,70,Evaluare completa: 70 puncte,cpp,,3342357.cpp,10,7,https://www.infoarena.ro/job_detail/3342357
3342356,ioanxh,Ioan Budeanu,fmcm,3.00 kb,23 feb 26 21:08:31,10,Evaluare completa: 10 puncte,cpp,,3342356.cpp,10,7,https://www.infoarena.ro/job_detail/3342356
3342355,ioanxh,Ioan Budeanu,fmcm,2.88 kb,23 feb 26 21:02:42,70,Evaluare completa: 70 puncte,cpp,,3342355.cpp,10,7,https://www.infoarena.ro/job_detail/3342355
3339618,Darius1414,Dobre Darius Adrian,fmcm,2.45 kb,9 feb 26 11:26:40,100,Evaluare completa: 100 puncte,cpp,,3339618.cpp,10,7,https://www.infoarena.ro/job_detail/3339618
3339072,Darius1414,Dobre Darius Adrian,fmcm,3.26 kb,6 feb 26 01:22:31,100,Evaluare completa: 100 puncte,cpp,,3339072.cpp,10,7,https://www.infoarena.ro/job_detail/3339072
3337669,toma_ariciu,Ariciu Toma,fmcm,3.02 kb,29 ian 26 13:27:49,100,Evaluare completa: 100 puncte,cpp,,3337669.cpp,10,7,https://www.infoarena.ro/job_detail/3337669
3337668,toma_ariciu,Ariciu Toma,fmcm,4.72 kb,29 ian 26 13:27:01,0,Evaluare completa: 0 puncte,cpp,,3337668.cpp,10,7,https://www.infoarena.ro/job_detail/3337668
3337667,toma_ariciu,Ariciu Toma,fmcm,4.72 kb,29 ian 26 13:26:20,0,Evaluare completa: 0 puncte,cpp,,3337667.cpp,10,7,https://www.infoarena.ro/job_detail/3337667
3332853,rares89_,Dumitriu Rares,fmcm,1.83 kb,9 ian 26 13:18:38,100,Evaluare completa: 100 puncte,cpp,,3332853.cpp,10,7,https://www.infoarena.ro/job_detail/3332853
3332851,rares89_,Dumitriu Rares,fmcm,2.01 kb,9 ian 26 13:15:59,70,Evaluare completa: 70 puncte,cpp,,3332851.cpp,10,7,https://www.infoarena.ro/job_detail/3332851
3332361,Ruxandra009,Ruxandra Vasilescu,fmcm,1.91 kb,6 ian 26 12:49:31,100,Evaluare completa: 100 puncte,cpp,,3332361.cpp,10,7,https://www.infoarena.ro/job_detail/3332361
3332229,brianabucur11,Briana Bucur,fmcm,2.63 kb,5 ian 26 14:23:02,100,Evaluare completa: 100 puncte,cpp,,3332229.cpp,10,7,https://www.infoarena.ro/job_detail/3332229
3332224,Ruxandra009,Ruxandra Vasilescu,fmcm,1.93 kb,5 ian 26 11:41:38,30,Evaluare completa: 30 puncte,cpp,,3332224.cpp,10,7,https://www.infoarena.ro/job_detail/3332224
3332217,Ruxandra009,Ruxandra Vasilescu,fmcm,1.99 kb,5 ian 26 10:57:34,30,Evaluare completa: 30 puncte,cpp,,3332217.cpp,10,7,https://www.infoarena.ro/job_detail/3332217
3332216,Ruxandra009,Ruxandra Vasilescu,fmcm,1.96 kb,5 ian 26 10:44:47,30,Evaluare completa: 30 puncte,cpp,,3332216.cpp,10,7,https://www.infoarena.ro/job_detail/3332216
3332215,Ruxandra009,Ruxandra Vasilescu,fmcm,1.84 kb,5 ian 26 10:34:53,30,Evaluare completa: 30 puncte,cpp,,3332215.cpp,10,7,https://www.infoarena.ro/job_detail/3332215
3329695,petru-robu,Robu Petru,fmcm,3.59 kb,14 dec 25 22:46:20,100,Evaluare completa: 100 puncte,cpp,,3329695.cpp,10,7,https://www.infoarena.ro/job_detail/3329695
3328474,Sochu,Darabaneanu Liviu Eugen,fmcm,4.40 kb,8 dec 25 20:12:18,70,Evaluare completa: 70 puncte,cpp,,3328474.cpp,10,7,https://www.infoarena.ro/job_detail/3328474
3328473,Sochu,Darabaneanu Liviu Eugen,fmcm,4.35 kb,8 dec 25 20:10:54,50,Evaluare completa: 50 puncte,cpp,,3328473.cpp,10,7,https://www.infoarena.ro/job_detail/3328473
3328472,Sochu,Darabaneanu Liviu Eugen,fmcm,4.37 kb,8 dec 25 20:09:58,0,Eroare de compilare: 0 puncte,cpp,,3328472.cpp,0,0,https://www.infoarena.ro/job_detail/3328472
3328470,Sochu,Darabaneanu Liviu Eugen,fmcm,4.39 kb,8 dec 25 20:09:18,0,Eroare de compilare: 0 puncte,cpp,,3328470.cpp,0,0,https://www.infoarena.ro/job_detail/3328470
3326873,brianabucur11,Briana Bucur,fmcm,2.67 kb,30 nov 25 22:47:46,100,Evaluare completa: 100 puncte,cpp,,3326873.cpp,10,7,https://www.infoarena.ro/job_detail/3326873
3326872,brianabucur11,Briana Bucur,fmcm,2.54 kb,30 nov 25 22:46:47,0,Evaluare completa: 0 puncte,cpp,,3326872.cpp,10,7,https://www.infoarena.ro/job_detail/3326872
3326871,brianabucur11,Briana Bucur,fmcm,2.54 kb,30 nov 25 22:44:48,0,Evaluare completa: 0 puncte,cpp,,3326871.cpp,10,7,https://www.infoarena.ro/job_detail/3326871
3326752,brianabucur11,Briana Bucur,fmcm,2.61 kb,30 nov 25 13:05:12,0,Evaluare completa: 0 puncte,cpp,,3326752.cpp,10,7,https://www.infoarena.ro/job_detail/3326752
3326751,brianabucur11,Briana Bucur,fmcm,2.67 kb,30 nov 25 13:03:30,0,Evaluare completa: 0 puncte,cpp,,3326751.cpp,10,7,https://www.infoarena.ro/job_detail/3326751
3325929,Radu_Vasile,Radu Vasile,fmcm,2.65 kb,26 nov 25 21:16:51,100,Evaluare completa: 100 puncte,cpp,,3325929.cpp,10,7,https://www.infoarena.ro/job_detail/3325929
3324738,Cosminane,Boac Mihai Cosmin,fmcm,2.48 kb,23 nov 25 12:16:42,100,Evaluare completa: 100 puncte,cpp,,3324738.cpp,10,7,https://www.infoarena.ro/job_detail/3324738
3324675,Nasa1004,Ema Nicole Gheorghe,fmcm,2.82 kb,22 nov 25 22:23:59,70,Evaluare completa: 70 puncte,cpp,,3324675.cpp,10,7,https://www.infoarena.ro/job_detail/3324675
3324653,Mihai_Oct,Mihai Octavian,fmcm,2.42 kb,22 nov 25 19:46:16,100,Evaluare completa: 100 puncte,cpp,,3324653.cpp,10,7,https://www.infoarena.ro/job_detail/3324653
3324636,Mihai_Oct,Mihai Octavian,fmcm,2.43 kb,22 nov 25 19:14:22,50,Evaluare completa: 50 puncte,cpp,,3324636.cpp,10,7,https://www.infoarena.ro/job_detail/3324636
3324633,Mihai_Oct,Mihai Octavian,fmcm,2.41 kb,22 nov 25 19:07:38,50,Evaluare completa: 50 puncte,cpp,,3324633.cpp,10,7,https://www.infoarena.ro/job_detail/3324633
3324630,Mihai_Oct,Mihai Octavian,fmcm,2.41 kb,22 nov 25 18:52:29,50,Evaluare completa: 50 puncte,cpp,,3324630.cpp,10,7,https://www.infoarena.ro/job_detail/3324630
3324629,Mihai_Oct,Mihai Octavian,fmcm,2.44 kb,22 nov 25 18:49:50,50,Evaluare completa: 50 puncte,cpp,,3324629.cpp,10,7,https://www.infoarena.ro/job_detail/3324629
3322679,stanciuvalentin,Stanciu-Tivlea Valentin Gabriel,fmcm,2.56 kb,15 nov 25 11:00:03,100,Evaluare completa: 100 puncte,cpp,,3322679.cpp,10,7,https://www.infoarena.ro/job_detail/3322679
3322608,Cosminane,Boac Mihai Cosmin,fmcm,2.48 kb,14 nov 25 22:38:59,50,Evaluare completa: 50 puncte,cpp,,3322608.cpp,10,7,https://www.infoarena.ro/job_detail/3322608
3322607,Cosminane,Boac Mihai Cosmin,fmcm,2.48 kb,14 nov 25 22:37:36,70,Evaluare completa: 70 puncte,cpp,,3322607.cpp,10,7,https://www.infoarena.ro/job_detail/3322607
3322601,Cosminane,Boac Mihai Cosmin,fmcm,2.48 kb,14 nov 25 22:27:07,70,Evaluare completa: 70 puncte,cpp,,3322601.cpp,10,7,https://www.infoarena.ro/job_detail/3322601
3322597,Cosminane,Boac Mihai Cosmin,fmcm,2.40 kb,14 nov 25 22:23:52,70,Evaluare completa: 70 puncte,cpp,,3322597.cpp,10,7,https://www.infoarena.ro/job_detail/3322597
3322596,Cosminane,Boac Mihai Cosmin,fmcm,2.38 kb,14 nov 25 22:22:12,20,Evaluare completa: 20 puncte,cpp,,3322596.cpp,10,7,https://www.infoarena.ro/job_detail/3322596
3322595,Cosminane,Boac Mihai Cosmin,fmcm,2.27 kb,14 nov 25 22:21:05,20,Evaluare completa: 20 puncte,cpp,,3322595.cpp,10,7,https://www.infoarena.ro/job_detail/3322595
3321519,mircea_007,Mircea Rebengiuc,fmcm,2.71 kb,9 nov 25 21:59:29,100,Evaluare completa: 100 puncte,cpp,,3321519.cpp,10,7,https://www.infoarena.ro/job_detail/3321519
3321518,mircea_007,Mircea Rebengiuc,fmcm,2.64 kb,9 nov 25 21:58:26,70,Evaluare completa: 70 puncte,cpp,,3321518.cpp,10,7,https://www.infoarena.ro/job_detail/3321518
3321269,Ruxandra009,Ruxandra Vasilescu,fmcm,2.22 kb,8 nov 25 20:05:55,100,Evaluare completa: 100 puncte,cpp,,3321269.cpp,10,7,https://www.infoarena.ro/job_detail/3321269
3320998,xXoctavianXx,Stanescu Matei Octavian,fmcm,1.60 kb,7 nov 25 20:50:08,70,Evaluare completa: 70 puncte,cpp,,3320998.cpp,10,7,https://www.infoarena.ro/job_detail/3320998
3320474,ElizaT,Ella Rose,fmcm,2.76 kb,5 nov 25 22:36:41,100,Evaluare completa: 100 puncte,cpp,,3320474.cpp,10,7,https://www.infoarena.ro/job_detail/3320474
3311851,matei0000,Neacsu Matei,fmcm,2.39 kb,24 sep 25 17:36:53,100,Evaluare completa: 100 puncte,cpp,,3311851.cpp,10,7,https://www.infoarena.ro/job_detail/3311851
3308832,PetruApostol,Apostol Mihnea Petru,fmcm,1.81 kb,28 aug 25 16:43:57,100,Evaluare completa: 100 puncte,cpp,,3308832.cpp,10,7,https://www.infoarena.ro/job_detail/3308832
3306597,Cristian_Negoita,Cristian Negoita,fmcm,4.02 kb,12 aug 25 13:56:21,100,Evaluare completa: 100 puncte,cpp,,3306597.cpp,10,7,https://www.infoarena.ro/job_detail/3306597
3306596,Cristian_Negoita,Cristian Negoita,fmcm,3.90 kb,12 aug 25 13:56:02,70,Evaluare completa: 70 puncte,cpp,,3306596.cpp,10,7,https://www.infoarena.ro/job_detail/3306596
3306595,Cristian_Negoita,Cristian Negoita,fmcm,4.02 kb,12 aug 25 13:55:33,100,Evaluare completa: 100 puncte,cpp,,3306595.cpp,10,7,https://www.infoarena.ro/job_detail/3306595
3306594,Cristian_Negoita,Cristian Negoita,fmcm,3.95 kb,12 aug 25 13:54:46,70,Evaluare completa: 70 puncte,cpp,,3306594.cpp,10,7,https://www.infoarena.ro/job_detail/3306594
3306593,Cristian_Negoita,Cristian Negoita,fmcm,3.82 kb,12 aug 25 13:53:48,70,Evaluare completa: 70 puncte,cpp,,3306593.cpp,10,7,https://www.infoarena.ro/job_detail/3306593
3306591,Cristian_Negoita,Cristian Negoita,fmcm,3.82 kb,12 aug 25 13:53:09,70,Evaluare completa: 70 puncte,cpp,,3306591.cpp,10,7,https://www.infoarena.ro/job_detail/3306591
3306590,Cristian_Negoita,Cristian Negoita,fmcm,3.64 kb,12 aug 25 13:50:53,70,Evaluare completa: 70 puncte,cpp,,3306590.cpp,10,7,https://www.infoarena.ro/job_detail/3306590
3306588,Cristian_Negoita,Cristian Negoita,fmcm,3.52 kb,12 aug 25 13:50:11,70,Evaluare completa: 70 puncte,cpp,,3306588.cpp,10,7,https://www.infoarena.ro/job_detail/3306588
3304671,Mihai_Oct,Mihai Octavian,fmcm,2.64 kb,25 iul 25 21:13:38,100,Evaluare completa: 100 puncte,cpp,,3304671.cpp,10,7,https://www.infoarena.ro/job_detail/3304671
3304462,bogfodor,Bogdan Fodor,fmcm,3.70 kb,23 iul 25 22:20:26,100,Evaluare completa: 100 puncte,cpp,,3304462.cpp,10,7,https://www.infoarena.ro/job_detail/3304462
3303993,unom,Mirel Costel,fmcm,3.13 kb,19 iul 25 16:33:48,100,Evaluare completa: 100 puncte,cpp,,3303993.cpp,10,7,https://www.infoarena.ro/job_detail/3303993
3303992,unom,Mirel Costel,fmcm,1.58 kb,19 iul 25 16:23:09,0,Evaluare completa: 0 puncte,cpp,,3303992.cpp,10,7,https://www.infoarena.ro/job_detail/3303992
3303841,unom,Mirel Costel,fmcm,2.40 kb,18 iul 25 12:16:12,70,Evaluare completa: 70 puncte,cpp,,3303841.cpp,10,7,https://www.infoarena.ro/job_detail/3303841
3303836,unom,Mirel Costel,fmcm,3.16 kb,18 iul 25 12:07:05,100,Evaluare completa: 100 puncte,cpp,,3303836.cpp,10,7,https://www.infoarena.ro/job_detail/3303836
3302738,Buzdi,Buzdugan Rares Andrei,fmcm,3.33 kb,10 iul 25 13:49:42,100,Evaluare completa: 100 puncte,cpp,,3302738.cpp,10,7,https://www.infoarena.ro/job_detail/3302738
3302735,Buzdi,Buzdugan Rares Andrei,fmcm,3.42 kb,10 iul 25 13:47:36,70,Evaluare completa: 70 puncte,cpp,,3302735.cpp,10,7,https://www.infoarena.ro/job_detail/3302735
3302682,Buzdi,Buzdugan Rares Andrei,fmcm,3.00 kb,9 iul 25 23:52:14,100,Evaluare completa: 100 puncte,cpp,,3302682.cpp,10,7,https://www.infoarena.ro/job_detail/3302682
3302681,Buzdi,Buzdugan Rares Andrei,fmcm,2.86 kb,9 iul 25 23:29:56,70,Evaluare completa: 70 puncte,cpp,,3302681.cpp,10,7,https://www.infoarena.ro/job_detail/3302681
3302680,Buzdi,Buzdugan Rares Andrei,fmcm,3.03 kb,9 iul 25 23:28:22,70,Evaluare completa: 70 puncte,cpp,,3302680.cpp,10,7,https://www.infoarena.ro/job_detail/3302680
3302465,Ianis,Belu Ianis,fmcm,2.60 kb,7 iul 25 23:03:39,100,Evaluare completa: 100 puncte,cpp,,3302465.cpp,10,7,https://www.infoarena.ro/job_detail/3302465
3301703,Ianis,Belu Ianis,fmcm,2.71 kb,29 iun 25 11:38:46,70,Evaluare completa: 70 puncte,cpp,,3301703.cpp,10,7,https://www.infoarena.ro/job_detail/3301703
3297371,Arhiva_Educationala,Arhiva Educationala,fmcm,2.74 kb,22 mai 25 15:39:05,100,Evaluare completa: 100 puncte,cpp,,3297371.cpp,10,7,https://www.infoarena.ro/job_detail/3297371
3297370,Arhiva_Educationala,Arhiva Educationala,fmcm,2.74 kb,22 mai 25 15:38:43,20,Evaluare completa: 20 puncte,cpp,,3297370.cpp,10,7,https://www.infoarena.ro/job_detail/3297370
3297367,Arhiva_Educationala,Arhiva Educationala,fmcm,2.70 kb,22 mai 25 15:37:32,20,Evaluare completa: 20 puncte,cpp,,3297367.cpp,10,7,https://www.infoarena.ro/job_detail/3297367
3297362,Arhiva_Educationala_2,Arhiva Educationala doi,fmcm,2.68 kb,22 mai 25 15:17:28,100,Evaluare completa: 100 puncte,cpp,,3297362.cpp,10,7,https://www.infoarena.ro/job_detail/3297362
3295991,mircea_007,Mircea Rebengiuc,fmcm,2.74 kb,10 mai 25 15:25:27,100,Evaluare completa: 100 puncte,cpp,,3295991.cpp,10,7,https://www.infoarena.ro/job_detail/3295991
3295928,alexdumitru,Alexandru Dumitru,fmcm,3.58 kb,9 mai 25 19:03:43,100,Evaluare completa: 100 puncte,cpp,,3295928.cpp,10,7,https://www.infoarena.ro/job_detail/3295928
3294273,Alex_Berbescu,Berbescu Alexandru,fmcm,2.63 kb,20 apr 25 20:40:17,100,Evaluare completa: 100 puncte,cpp,,3294273.cpp,10,7,https://www.infoarena.ro/job_detail/3294273
3293883,andrei_C1,Andrei Chertes,fmcm,2.83 kb,12 apr 25 20:40:02,100,Evaluare completa: 100 puncte,cpp,,3293883.cpp,10,7,https://www.infoarena.ro/job_detail/3293883
3293694,TeodorLuchianov,Teo Luchianov,fmcm,2.59 kb,12 apr 25 12:32:16,10,Evaluare completa: 10 puncte,cpp,,3293694.cpp,10,7,https://www.infoarena.ro/job_detail/3293694
3293693,TeodorLuchianov,Teo Luchianov,fmcm,2.61 kb,12 apr 25 12:28:58,10,Evaluare completa: 10 puncte,cpp,,3293693.cpp,10,7,https://www.infoarena.ro/job_detail/3293693
3293541,mmocanu,Mocanu Mihai-Adrian,fmcm,3.46 kb,11 apr 25 21:37:11,70,Evaluare completa: 70 puncte,cpp,,3293541.cpp,10,7,https://www.infoarena.ro/job_detail/3293541
3293537,mmocanu,Mocanu Mihai-Adrian,fmcm,3.39 kb,11 apr 25 21:31:10,70,Evaluare completa: 70 puncte,cpp,,3293537.cpp,10,7,https://www.infoarena.ro/job_detail/3293537
3293536,mmocanu,Mocanu Mihai-Adrian,fmcm,3.37 kb,11 apr 25 21:30:03,70,Evaluare completa: 70 puncte,cpp,,3293536.cpp,10,7,https://www.infoarena.ro/job_detail/3293536
3293505,TeodorLuchianov,Teo Luchianov,fmcm,2.57 kb,11 apr 25 20:39:34,10,Evaluare completa: 10 puncte,cpp,,3293505.cpp,10,7,https://www.infoarena.ro/job_detail/3293505
3293379,matei0000,Neacsu Matei,fmcm,2.41 kb,11 apr 25 16:24:10,100,Evaluare completa: 100 puncte,cpp,,3293379.cpp,10,7,https://www.infoarena.ro/job_detail/3293379
3293245,mircea_007,Mircea Rebengiuc,fmcm,2.88 kb,10 apr 25 22:50:38,20,Evaluare completa: 20 puncte,cpp,,3293245.cpp,10,7,https://www.infoarena.ro/job_detail/3293245
3293090,alexdumitru,Alexandru Dumitru,fmcm,3.41 kb,10 apr 25 12:14:57,100,Evaluare completa: 100 puncte,cpp,,3293090.cpp,10,7,https://www.infoarena.ro/job_detail/3293090
3293087,alexdumitru,Alexandru Dumitru,fmcm,3.39 kb,10 apr 25 12:12:06,40,Evaluare completa: 40 puncte,cpp,,3293087.cpp,10,7,https://www.infoarena.ro/job_detail/3293087
3290748,Radu_Mocanasu,Mocanasu Radu,fmcm,2.48 kb,31 mar 25 19:31:25,100,Evaluare completa: 100 puncte,cpp,,3290748.cpp,10,7,https://www.infoarena.ro/job_detail/3290748
3290737,Radu_Mocanasu,Mocanasu Radu,fmcm,2.45 kb,31 mar 25 19:13:34,30,Evaluare completa: 30 puncte,cpp,,3290737.cpp,10,7,https://www.infoarena.ro/job_detail/3290737
3290683,Radu_Mocanasu,Mocanasu Radu,fmcm,1.65 kb,31 mar 25 16:01:20,70,Evaluare completa: 70 puncte,cpp,,3290683.cpp,10,7,https://www.infoarena.ro/job_detail/3290683
3287910,Turcanu_David,Turcanu David,fmcm,3.21 kb,19 mar 25 19:22:03,100,Evaluare completa: 100 puncte,cpp,,3287910.cpp,10,7,https://www.infoarena.ro/job_detail/3287910
3287438,Turcanu_David,Turcanu David,fmcm,3.18 kb,18 mar 25 09:26:33,70,Evaluare completa: 70 puncte,cpp,,3287438.cpp,10,7,https://www.infoarena.ro/job_detail/3287438
3287437,Turcanu_David,Turcanu David,fmcm,3.28 kb,18 mar 25 09:26:06,20,Evaluare completa: 20 puncte,cpp,,3287437.cpp,10,7,https://www.infoarena.ro/job_detail/3287437
3287436,Turcanu_David,Turcanu David,fmcm,2.76 kb,18 mar 25 09:25:36,0,Evaluare completa: 0 puncte,cpp,,3287436.cpp,10,7,https://www.infoarena.ro/job_detail/3287436
3287418,Turcanu_David,Turcanu David,fmcm,3.24 kb,17 mar 25 22:08:16,50,Evaluare completa: 50 puncte,cpp,,3287418.cpp,10,7,https://www.infoarena.ro/job_detail/3287418
3287417,Turcanu_David,Turcanu David,fmcm,3.28 kb,17 mar 25 22:06:23,70,Evaluare completa: 70 puncte,cpp,,3287417.cpp,10,7,https://www.infoarena.ro/job_detail/3287417
3287416,Turcanu_David,Turcanu David,fmcm,3.28 kb,17 mar 25 22:06:06,50,Evaluare completa: 50 puncte,cpp,,3287416.cpp,10,7,https://www.infoarena.ro/job_detail/3287416
3287413,Turcanu_David,Turcanu David,fmcm,3.31 kb,17 mar 25 21:56:32,70,Evaluare completa: 70 puncte,cpp,,3287413.cpp,10,7,https://www.infoarena.ro/job_detail/3287413
3287412,Turcanu_David,Turcanu David,fmcm,3.31 kb,17 mar 25 21:55:29,50,Evaluare completa: 50 puncte,cpp,,3287412.cpp,10,7,https://www.infoarena.ro/job_detail/3287412
3287411,Turcanu_David,Turcanu David,fmcm,3.29 kb,17 mar 25 21:30:49,50,Evaluare completa: 50 puncte,cpp,,3287411.cpp,10,7,https://www.infoarena.ro/job_detail/3287411
3287134,Turcanu_David,Turcanu David,fmcm,3.27 kb,16 mar 25 12:52:03,20,Evaluare completa: 20 puncte,cpp,,3287134.cpp,10,7,https://www.infoarena.ro/job_detail/3287134
3286046,Chris_Black,Blaga Cristian,fmcm,2.93 kb,13 mar 25 18:04:29,70,Evaluare completa: 70 puncte,cpp,,3286046.cpp,10,7,https://www.infoarena.ro/job_detail/3286046
3286045,Chris_Black,Blaga Cristian,fmcm,3.08 kb,13 mar 25 18:04:13,70,Evaluare completa: 70 puncte,cpp,,3286045.cpp,10,7,https://www.infoarena.ro/job_detail/3286045
3286041,Chris_Black,Blaga Cristian,fmcm,3.17 kb,13 mar 25 17:59:30,0,Evaluare completa: 0 puncte,cpp,,3286041.cpp,10,7,https://www.infoarena.ro/job_detail/3286041
3286038,Chris_Black,Blaga Cristian,fmcm,3.28 kb,13 mar 25 17:55:45,30,Evaluare completa: 30 puncte,cpp,,3286038.cpp,10,7,https://www.infoarena.ro/job_detail/3286038
3286035,Chris_Black,Blaga Cristian,fmcm,3.28 kb,13 mar 25 17:53:50,30,Evaluare completa: 30 puncte,cpp,,3286035.cpp,10,7,https://www.infoarena.ro/job_detail/3286035
3286032,Chris_Black,Blaga Cristian,fmcm,3.25 kb,13 mar 25 17:51:05,30,Evaluare completa: 30 puncte,cpp,,3286032.cpp,10,7,https://www.infoarena.ro/job_detail/3286032
3286017,Chris_Black,Blaga Cristian,fmcm,3.11 kb,13 mar 25 17:39:14,30,Evaluare completa: 30 puncte,cpp,,3286017.cpp,10,7,https://www.infoarena.ro/job_detail/3286017
3286016,Chris_Black,Blaga Cristian,fmcm,3.12 kb,13 mar 25 17:38:31,30,Evaluare completa: 30 puncte,cpp,,3286016.cpp,10,7,https://www.infoarena.ro/job_detail/3286016
3286015,Chris_Black,Blaga Cristian,fmcm,3.12 kb,13 mar 25 17:38:05,30,Evaluare completa: 30 puncte,cpp,,3286015.cpp,10,7,https://www.infoarena.ro/job_detail/3286015
3286013,Chris_Black,Blaga Cristian,fmcm,3.12 kb,13 mar 25 17:37:31,30,Evaluare completa: 30 puncte,cpp,,3286013.cpp,10,7,https://www.infoarena.ro/job_detail/3286013
3286010,Chris_Black,Blaga Cristian,fmcm,3.08 kb,13 mar 25 17:34:52,70,Evaluare completa: 70 puncte,cpp,,3286010.cpp,10,7,https://www.infoarena.ro/job_detail/3286010
3286009,Chris_Black,Blaga Cristian,fmcm,3.08 kb,13 mar 25 17:34:25,0,Eroare de compilare: 0 puncte,cpp,,3286009.cpp,0,0,https://www.infoarena.ro/job_detail/3286009
3286007,Chris_Black,Blaga Cristian,fmcm,3.06 kb,13 mar 25 17:33:59,0,Eroare de compilare: 0 puncte,cpp,,3286007.cpp,0,0,https://www.infoarena.ro/job_detail/3286007
3286001,Chris_Black,Blaga Cristian,fmcm,2.99 kb,13 mar 25 17:30:43,70,Evaluare completa: 70 puncte,cpp,,3286001.cpp,10,7,https://www.infoarena.ro/job_detail/3286001
3285995,Chris_Black,Blaga Cristian,fmcm,2.96 kb,13 mar 25 17:27:28,50,Evaluare completa: 50 puncte,cpp,,3285995.cpp,10,7,https://www.infoarena.ro/job_detail/3285995
3285976,Chris_Black,Blaga Cristian,fmcm,2.91 kb,13 mar 25 17:15:29,0,Evaluare completa: 0 puncte,cpp,,3285976.cpp,10,7,https://www.infoarena.ro/job_detail/3285976
3285975,Chris_Black,Blaga Cristian,fmcm,2.82 kb,13 mar 25 17:14:09,50,Evaluare completa: 50 puncte,cpp,,3285975.cpp,10,7,https://www.infoarena.ro/job_detail/3285975
3275144,unom,Mirel Costel,fmcm,1.25 kb,9 feb 25 12:41:07,0,Evaluare completa: 0 puncte,cpp,,3275144.cpp,10,7,https://www.infoarena.ro/job_detail/3275144
3275141,unom,Mirel Costel,fmcm,2.30 kb,9 feb 25 12:34:33,50,Evaluare completa: 50 puncte,cpp,,3275141.cpp,10,7,https://www.infoarena.ro/job_detail/3275141
3275137,unom,Mirel Costel,fmcm,2.11 kb,9 feb 25 12:28:11,0,Evaluare completa: 0 puncte,cpp,,3275137.cpp,10,7,https://www.infoarena.ro/job_detail/3275137
3274261,Raul_A,Ardelean Raul,fmcm,3.18 kb,5 feb 25 21:51:52,100,Evaluare completa: 100 puncte,cpp,,3274261.cpp,10,7,https://www.infoarena.ro/job_detail/3274261
3274259,Raul_A,Ardelean Raul,fmcm,3.14 kb,5 feb 25 21:48:28,70,Evaluare completa: 70 puncte,cpp,,3274259.cpp,10,7,https://www.infoarena.ro/job_detail/3274259
3274258,Raul_A,Ardelean Raul,fmcm,3.20 kb,5 feb 25 21:44:56,70,Evaluare completa: 70 puncte,cpp,,3274258.cpp,10,7,https://www.infoarena.ro/job_detail/3274258
3274257,Raul_A,Ardelean Raul,fmcm,3.25 kb,5 feb 25 21:43:45,70,Evaluare completa: 70 puncte,cpp,,3274257.cpp,10,7,https://www.infoarena.ro/job_detail/3274257
3274256,Raul_A,Ardelean Raul,fmcm,3.24 kb,5 feb 25 21:41:22,20,Evaluare completa: 20 puncte,cpp,,3274256.cpp,10,7,https://www.infoarena.ro/job_detail/3274256
3274255,Raul_A,Ardelean Raul,fmcm,3.20 kb,5 feb 25 21:40:39,70,Evaluare completa: 70 puncte,cpp,,3274255.cpp,10,7,https://www.infoarena.ro/job_detail/3274255
3274252,Raul_A,Ardelean Raul,fmcm,3.08 kb,5 feb 25 21:39:34,70,Evaluare completa: 70 puncte,cpp,,3274252.cpp,10,7,https://www.infoarena.ro/job_detail/3274252
3274251,Raul_A,Ardelean Raul,fmcm,3.20 kb,5 feb 25 21:37:34,0,Evaluare completa: 0 puncte,cpp,,3274251.cpp,10,7,https://www.infoarena.ro/job_detail/3274251
3274250,Raul_A,Ardelean Raul,fmcm,3.24 kb,5 feb 25 21:26:53,0,Evaluare completa: 0 puncte,cpp,,3274250.cpp,10,7,https://www.infoarena.ro/job_detail/3274250
3274243,Raul_A,Ardelean Raul,fmcm,3.42 kb,5 feb 25 20:49:28,20,Evaluare completa: 20 puncte,cpp,,3274243.cpp,10,7,https://www.infoarena.ro/job_detail/3274243
3274242,Raul_A,Ardelean Raul,fmcm,3.27 kb,5 feb 25 20:39:08,20,Evaluare completa: 20 puncte,cpp,,3274242.cpp,10,7,https://www.infoarena.ro/job_detail/3274242
3274241,Raul_A,Ardelean Raul,fmcm,3.24 kb,5 feb 25 20:35:54,20,Evaluare completa: 20 puncte,cpp,,3274241.cpp,10,7,https://www.infoarena.ro/job_detail/3274241
3274240,Raul_A,Ardelean Raul,fmcm,2.75 kb,5 feb 25 20:31:35,20,Evaluare completa: 20 puncte,cpp,,3274240.cpp,10,7,https://www.infoarena.ro/job_detail/3274240
3274239,Raul_A,Ardelean Raul,fmcm,2.75 kb,5 feb 25 20:30:51,20,Evaluare completa: 20 puncte,cpp,,3274239.cpp,10,7,https://www.infoarena.ro/job_detail/3274239
3272402,Pesca,Pescariu Matei Alexandru,fmcm,3.32 kb,29 ian 25 12:09:22,100,Evaluare completa: 100 puncte,cpp,,3272402.cpp,10,7,https://www.infoarena.ro/job_detail/3272402
3272401,Pesca,Pescariu Matei Alexandru,fmcm,3.33 kb,29 ian 25 12:08:50,70,Evaluare completa: 70 puncte,cpp,,3272401.cpp,10,7,https://www.infoarena.ro/job_detail/3272401
3272353,mircea_007,Mircea Rebengiuc,fmcm,3.87 kb,29 ian 25 10:27:54,100,Evaluare completa: 100 puncte,cpp,,3272353.cpp,10,7,https://www.infoarena.ro/job_detail/3272353
3269743,Maftei_Tudor,Maftei Tudor,fmcm,3.82 kb,20 ian 25 16:39:52,100,Evaluare completa: 100 puncte,cpp,,3269743.cpp,10,7,https://www.infoarena.ro/job_detail/3269743
3268391,xDemonsty,Matei Haba Ionut,fmcm,2.54 kb,14 ian 25 21:42:52,100,Evaluare completa: 100 puncte,cpp,,3268391.cpp,10,7,https://www.infoarena.ro/job_detail/3268391
3267487,nstefan,Neagu Stefan,fmcm,2.43 kb,11 ian 25 12:33:01,100,Evaluare completa: 100 puncte,cpp,,3267487.cpp,10,7,https://www.infoarena.ro/job_detail/3267487
3267472,nstefan,Neagu Stefan,fmcm,2.31 kb,11 ian 25 12:15:57,10,Evaluare completa: 10 puncte,cpp,,3267472.cpp,10,7,https://www.infoarena.ro/job_detail/3267472
3267471,nstefan,Neagu Stefan,fmcm,2.29 kb,11 ian 25 12:15:04,10,Evaluare completa: 10 puncte,cpp,,3267471.cpp,10,7,https://www.infoarena.ro/job_detail/3267471
3266341,Mirc100,Mircea Octavian,fmcm,3.38 kb,7 ian 25 16:19:32,0,Evaluare completa: 0 puncte,python,,3266341.py,10,7,https://www.infoarena.ro/job_detail/3266341
3266340,Mirc100,Mircea Octavian,fmcm,3.94 kb,7 ian 25 16:05:37,0,Evaluare completa: 0 puncte,python,,3266340.py,10,7,https://www.infoarena.ro/job_detail/3266340
3263467,tryharderul,brebenel mihnea stefan,fmcm,3.28 kb,14 dec 24 13:52:21,100,Evaluare completa: 100 puncte,cpp,,3263467.cpp,10,7,https://www.infoarena.ro/job_detail/3263467
3263139,matei0000,Neacsu Matei,fmcm,3.29 kb,13 dec 24 16:00:51,100,Evaluare completa: 100 puncte,cpp,,3263139.cpp,10,7,https://www.infoarena.ro/job_detail/3263139
3263138,matei0000,Neacsu Matei,fmcm,3.27 kb,13 dec 24 16:00:07,30,Evaluare completa: 30 puncte,cpp,,3263138.cpp,10,7,https://www.infoarena.ro/job_detail/3263138
3262975,redstonegamer22,Andrei Ion,fmcm,3.53 kb,12 dec 24 15:57:48,70,Evaluare completa: 70 puncte,cpp,,3262975.cpp,10,7,https://www.infoarena.ro/job_detail/3262975
3262974,redstonegamer22,Andrei Ion,fmcm,3.53 kb,12 dec 24 15:57:35,70,Evaluare completa: 70 puncte,cpp,,3262974.cpp,10,7,https://www.infoarena.ro/job_detail/3262974
3262973,redstonegamer22,Andrei Ion,fmcm,3.52 kb,12 dec 24 15:57:18,100,Evaluare completa: 100 puncte,cpp,,3262973.cpp,10,7,https://www.infoarena.ro/job_detail/3262973
3262972,redstonegamer22,Andrei Ion,fmcm,3.52 kb,12 dec 24 15:57:05,70,Evaluare completa: 70 puncte,cpp,,3262972.cpp,10,7,https://www.infoarena.ro/job_detail/3262972
3262971,redstonegamer22,Andrei Ion,fmcm,3.52 kb,12 dec 24 15:56:34,100,Evaluare completa: 100 puncte,cpp,,3262971.cpp,10,7,https://www.infoarena.ro/job_detail/3262971
3262970,redstonegamer22,Andrei Ion,fmcm,3.46 kb,12 dec 24 15:55:47,100,Evaluare completa: 100 puncte,cpp,,3262970.cpp,10,7,https://www.infoarena.ro/job_detail/3262970
3262962,matei0000,Neacsu Matei,fmcm,3.36 kb,12 dec 24 14:51:37,100,Evaluare completa: 100 puncte,cpp,,3262962.cpp,10,7,https://www.infoarena.ro/job_detail/3262962
3262961,redstonegamer22,Andrei Ion,fmcm,3.46 kb,12 dec 24 14:50:06,100,Evaluare completa: 100 puncte,cpp,,3262961.cpp,10,7,https://www.infoarena.ro/job_detail/3262961
3262959,matei0000,Neacsu Matei,fmcm,3.33 kb,12 dec 24 14:45:59,50,Evaluare completa: 50 puncte,cpp,,3262959.cpp,10,7,https://www.infoarena.ro/job_detail/3262959
3262956,redstonegamer22,Andrei Ion,fmcm,3.13 kb,12 dec 24 14:40:44,100,Evaluare completa: 100 puncte,cpp,,3262956.cpp,10,7,https://www.infoarena.ro/job_detail/3262956
3262954,matei0000,Neacsu Matei,fmcm,3.24 kb,12 dec 24 14:36:08,50,Evaluare completa: 50 puncte,cpp,,3262954.cpp,10,7,https://www.infoarena.ro/job_detail/3262954
3262953,matei0000,Neacsu Matei,fmcm,3.24 kb,12 dec 24 14:21:32,50,Evaluare completa: 50 puncte,cpp,,3262953.cpp,10,7,https://www.infoarena.ro/job_detail/3262953
3262951,matei0000,Neacsu Matei,fmcm,3.15 kb,12 dec 24 14:01:07,0,Evaluare completa: 0 puncte,cpp,,3262951.cpp,10,7,https://www.infoarena.ro/job_detail/3262951
3262950,matei0000,Neacsu Matei,fmcm,3.24 kb,12 dec 24 13:47:36,50,Evaluare completa: 50 puncte,cpp,,3262950.cpp,10,7,https://www.infoarena.ro/job_detail/3262950
3262949,matei0000,Neacsu Matei,fmcm,3.24 kb,12 dec 24 13:47:02,50,Evaluare completa: 50 puncte,cpp,,3262949.cpp,10,7,https://www.infoarena.ro/job_detail/3262949
3262948,matei0000,Neacsu Matei,fmcm,3.24 kb,12 dec 24 13:46:37,50,Evaluare completa: 50 puncte,cpp,,3262948.cpp,10,7,https://www.infoarena.ro/job_detail/3262948
3262947,matei0000,Neacsu Matei,fmcm,3.15 kb,12 dec 24 13:45:59,50,Evaluare completa: 50 puncte,cpp,,3262947.cpp,10,7,https://www.infoarena.ro/job_detail/3262947
3262946,matei0000,Neacsu Matei,fmcm,2.91 kb,12 dec 24 13:45:02,0,Evaluare completa: 0 puncte,cpp,,3262946.cpp,10,7,https://www.infoarena.ro/job_detail/3262946
3262945,matei0000,Neacsu Matei,fmcm,2.91 kb,12 dec 24 13:44:26,0,Evaluare completa: 0 puncte,cpp,,3262945.cpp,10,7,https://www.infoarena.ro/job_detail/3262945
3262944,matei0000,Neacsu Matei,fmcm,2.91 kb,12 dec 24 13:43:53,0,Evaluare completa: 0 puncte,cpp,,3262944.cpp,10,7,https://www.infoarena.ro/job_detail/3262944
3262872,matei0000,Neacsu Matei,fmcm,3.15 kb,11 dec 24 20:09:03,50,Evaluare completa: 50 puncte,cpp,,3262872.cpp,10,7,https://www.infoarena.ro/job_detail/3262872
3262871,matei0000,Neacsu Matei,fmcm,3.15 kb,11 dec 24 20:08:32,50,Evaluare completa: 50 puncte,cpp,,3262871.cpp,10,7,https://www.infoarena.ro/job_detail/3262871
3262870,matei0000,Neacsu Matei,fmcm,3.10 kb,11 dec 24 20:07:33,50,Evaluare completa: 50 puncte,cpp,,3262870.cpp,10,7,https://www.infoarena.ro/job_detail/3262870
3262868,matei0000,Neacsu Matei,fmcm,3.08 kb,11 dec 24 20:05:04,50,Evaluare completa: 50 puncte,cpp,,3262868.cpp,10,7,https://www.infoarena.ro/job_detail/3262868
3262863,matei0000,Neacsu Matei,fmcm,3.05 kb,11 dec 24 19:37:28,50,Evaluare completa: 50 puncte,cpp,,3262863.cpp,10,7,https://www.infoarena.ro/job_detail/3262863
3262850,matei0000,Neacsu Matei,fmcm,3.05 kb,11 dec 24 19:07:07,50,Evaluare completa: 50 puncte,cpp,,3262850.cpp,10,7,https://www.infoarena.ro/job_detail/3262850
3262849,matei0000,Neacsu Matei,fmcm,3.05 kb,11 dec 24 19:06:22,50,Evaluare completa: 50 puncte,cpp,,3262849.cpp,10,7,https://www.infoarena.ro/job_detail/3262849
3262845,matei0000,Neacsu Matei,fmcm,2.93 kb,11 dec 24 18:53:21,20,Evaluare completa: 20 puncte,cpp,,3262845.cpp,10,7,https://www.infoarena.ro/job_detail/3262845
3262844,matei0000,Neacsu Matei,fmcm,2.88 kb,11 dec 24 18:50:50,20,Evaluare completa: 20 puncte,cpp,,3262844.cpp,10,7,https://www.infoarena.ro/job_detail/3262844
3261020,matei0000,Neacsu Matei,fmcm,3.88 kb,4 dec 24 09:48:13,100,Evaluare completa: 100 puncte,cpp,,3261020.cpp,10,7,https://www.infoarena.ro/job_detail/3261020
3260428,Zh19,Draghici Alexandru Andrei,fmcm,3.00 kb,2 dec 24 13:26:50,70,Evaluare completa: 70 puncte,cpp,,3260428.cpp,10,7,https://www.infoarena.ro/job_detail/3260428
3260427,Zh19,Draghici Alexandru Andrei,fmcm,2.99 kb,2 dec 24 13:21:14,70,Evaluare completa: 70 puncte,cpp,,3260427.cpp,10,7,https://www.infoarena.ro/job_detail/3260427
3260426,Zh19,Draghici Alexandru Andrei,fmcm,2.99 kb,2 dec 24 13:18:39,0,Evaluare completa: 0 puncte,cpp,,3260426.cpp,10,7,https://www.infoarena.ro/job_detail/3260426
3259828,mircea_007,Mircea Rebengiuc,fmcm,3.01 kb,27 nov 24 22:58:21,100,Evaluare completa: 100 puncte,cpp,,3259828.cpp,10,7,https://www.infoarena.ro/job_detail/3259828
3259826,mircea_007,Mircea Rebengiuc,fmcm,2.86 kb,27 nov 24 22:50:41,10,Evaluare completa: 10 puncte,cpp,,3259826.cpp,10,7,https://www.infoarena.ro/job_detail/3259826
3259267,AlexandruTigau,Tigau Alexandru,fmcm,2.21 kb,25 nov 24 16:55:14,100,Evaluare completa: 100 puncte,cpp,,3259267.cpp,10,7,https://www.infoarena.ro/job_detail/3259267
3259258,AlexandruTigau,Tigau Alexandru,fmcm,2.13 kb,25 nov 24 16:49:14,70,Evaluare completa: 70 puncte,cpp,,3259258.cpp,10,7,https://www.infoarena.ro/job_detail/3259258
3259221,AlexandruTigau,Tigau Alexandru,fmcm,2.15 kb,25 nov 24 16:12:26,70,Evaluare completa: 70 puncte,cpp,,3259221.cpp,10,7,https://www.infoarena.ro/job_detail/3259221
3259215,AlexandruTigau,Tigau Alexandru,fmcm,2.02 kb,25 nov 24 16:07:40,70,Evaluare completa: 70 puncte,cpp,,3259215.cpp,10,7,https://www.infoarena.ro/job_detail/3259215
3259209,AlexandruTigau,Tigau Alexandru,fmcm,2.06 kb,25 nov 24 15:57:42,70,Evaluare completa: 70 puncte,cpp,,3259209.cpp,10,7,https://www.infoarena.ro/job_detail/3259209
3259207,AlexandruTigau,Tigau Alexandru,fmcm,2.01 kb,25 nov 24 15:52:14,70,Evaluare completa: 70 puncte,cpp,,3259207.cpp,10,7,https://www.infoarena.ro/job_detail/3259207
3259200,AlexandruTigau,Tigau Alexandru,fmcm,2.08 kb,25 nov 24 15:30:59,70,Evaluare completa: 70 puncte,cpp,,3259200.cpp,10,7,https://www.infoarena.ro/job_detail/3259200
3259199,AlexandruTigau,Tigau Alexandru,fmcm,2.07 kb,25 nov 24 15:30:15,50,Evaluare completa: 50 puncte,cpp,,3259199.cpp,10,7,https://www.infoarena.ro/job_detail/3259199
3259197,AlexandruTigau,Tigau Alexandru,fmcm,2.07 kb,25 nov 24 15:28:33,50,Evaluare completa: 50 puncte,cpp,,3259197.cpp,10,7,https://www.infoarena.ro/job_detail/3259197
3259194,AlexandruTigau,Tigau Alexandru,fmcm,2.08 kb,25 nov 24 15:26:54,70,Evaluare completa: 70 puncte,cpp,,3259194.cpp,10,7,https://www.infoarena.ro/job_detail/3259194
3259091,SSKMF,SS KMF,fmcm,4.04 kb,25 nov 24 09:52:02,50,Evaluare completa: 50 puncte,cpp,,3259091.cpp,10,7,https://www.infoarena.ro/job_detail/3259091
3259090,SSKMF,SS KMF,fmcm,4.01 kb,25 nov 24 09:43:14,20,Evaluare completa: 20 puncte,cpp,,3259090.cpp,10,7,https://www.infoarena.ro/job_detail/3259090
3258443,razviii237,Uzum Razvan,fmcm,2.88 kb,22 nov 24 14:42:47,100,Evaluare completa: 100 puncte,cpp,,3258443.cpp,10,7,https://www.infoarena.ro/job_detail/3258443
3258442,razviii237,Uzum Razvan,fmcm,2.85 kb,22 nov 24 14:42:14,0,Eroare de compilare: 0 puncte,cpp,,3258442.cpp,0,0,https://www.infoarena.ro/job_detail/3258442
3256449,hhhhhhh,Andrei Boaca,fmcm,1.77 kb,14 nov 24 16:46:18,100,Evaluare completa: 100 puncte,cpp,,3256449.cpp,10,7,https://www.infoarena.ro/job_detail/3256449
